Kriterium,Solo,Klein,KMU
Digitalisierungsgrad,5,6,7
Automatisierungsgrad,4,5,6
Papierloser Anteil (%) ,40,60,80
KI-Einsatz (Anzahl Prozesse),1,2,4
Datenschutzkonformität,80,85,90
Regelmäßige Compliance-Checks,50,70,90
Innovationsindex,4,5,6
Fördermittelnutzung (%),20,30,40
Mitarbeiter mit KI-Knowhow (%),10,20,35
SWOT-Stärke,Digitale Offenheit,Digitale Prozesse,Eingespielte Digitalisierung
SWOT-Schwäche,Budgetknappheit,Personalkapazität,Komplexität
SWOT-Chance,Automatisierung,Effizienzsteigerung,Neue Geschäftsmodelle
SWOT-Risiko,Überforderung,Datenschutz,Fehlende Strategie
